Project Name,Package Name,Type Name,Method Name,LOC,CC,PC,Line no,IsTest,Main prod class tested,Production classes tested
kanzi,kanzi.app,BlockCompressor,BlockCompressor,0,14,1,76,0,kanzi.app.BlockCompressor,kanzi.app.BlockCompressor
kanzi,kanzi.app,BlockCompressor,dispose,3,2,0,179,0,,
kanzi,kanzi.app,BlockCompressor,run,3,1,0,186,0,kanzi.app.BlockCompressor,kanzi.app.BlockCompressor
kanzi,kanzi.app,BlockCompressor,call,174,33,0,194,0,kanzi.app.BlockCompressor,kanzi.app.BlockCompressor
kanzi,kanzi.app,BlockCompressor,printOut,3,2,2,453,0,,
kanzi,kanzi.app,BlockCompressor,addListener,3,1,1,460,0,,
kanzi,kanzi.app,BlockCompressor,removeListener,3,1,1,466,0,,
kanzi,kanzi.app,BlockCompressor,notifyListeners,9,2,2,472,0,,
kanzi,kanzi.app,BlockCompressor,getTransformAndCodec,0,11,1,488,0,,
kanzi,kanzi.app,BlockDecompressor,BlockDecompressor,24,6,1,66,0,kanzi.app.BlockDecompressor,kanzi.app.BlockDecompressor
kanzi,kanzi.app,BlockDecompressor,dispose,3,2,0,103,0,,
kanzi,kanzi.app,BlockDecompressor,run,3,1,0,110,0,kanzi.app.BlockDecompressor,kanzi.app.BlockDecompressor
kanzi,kanzi.app,BlockDecompressor,call,141,28,0,117,0,kanzi.app.BlockDecompressor,kanzi.app.BlockDecompressor
kanzi,kanzi.app,BlockDecompressor,printOut,3,2,2,335,0,,
kanzi,kanzi.app,BlockDecompressor,addListener,3,1,1,342,0,,
kanzi,kanzi.app,BlockDecompressor,removeListener,3,1,1,348,0,,
kanzi,kanzi.app,BlockDecompressor,notifyListeners,9,2,2,354,0,,
kanzi,kanzi.app,InfoPrinter,InfoPrinter,8,2,3,37,0,,
kanzi,kanzi.app,InfoPrinter,processEvent,58,20,1,68,0,,
kanzi,kanzi.app,Kanzi,main,49,7,1,60,0,,
kanzi,kanzi.app,Kanzi,processCommandLine,0,85,2,142,0,kanzi.app.Kanzi,kanzi.app.Kanzi
kanzi,kanzi.app,Kanzi,printHelp,92,8,1,677,0,kanzi.app.Kanzi,kanzi.app.Kanzi
kanzi,kanzi.app,Kanzi,printOut,3,2,2,788,0,,
kanzi,kanzi.app,Kanzi,createFileList,41,16,4,795,0,kanzi.app.Kanzi,kanzi.app.Kanzi
kanzi,kanzi,ArrayComparator,compare,0,1,2,23,0,,
kanzi,kanzi,BitStreamException,BitStreamException,3,1,0,32,0,,
kanzi,kanzi,BitStreamException,BitStreamException,4,1,2,38,0,,
kanzi,kanzi,BitStreamException,BitStreamException,4,1,3,45,0,,
kanzi,kanzi,BitStreamException,BitStreamException,4,1,2,52,0,,
kanzi,kanzi,BitStreamException,getErrorCode,3,1,0,59,0,,
kanzi,kanzi,ByteSorter,sort,0,1,3,21,0,,
kanzi,kanzi,ByteTransform,forward,0,1,2,24,0,,
kanzi,kanzi,ByteTransform,inverse,0,1,2,30,0,,
kanzi,kanzi,ByteTransform,getMaxEncodedLength,0,1,1,34,0,,
kanzi,kanzi,EntropyDecoder,decode,0,1,3,23,0,,
kanzi,kanzi,EntropyDecoder,dispose,0,1,0,26,0,,
kanzi,kanzi,EntropyDecoder,getBitStream,0,1,0,29,0,,
kanzi,kanzi,EntropyEncoder,encode,0,1,3,23,0,,
kanzi,kanzi,EntropyEncoder,getBitStream,0,1,0,26,0,,
kanzi,kanzi,EntropyEncoder,dispose,0,1,0,30,0,,
kanzi,kanzi,Error,Error,2,1,0,42,0,,
kanzi,kanzi,Event,Event,3,1,3,42,0,,
kanzi,kanzi,Event,Event,3,1,3,48,0,,
kanzi,kanzi,Event,Event,9,1,4,54,0,,
kanzi,kanzi,Event,Event,3,1,5,66,0,,
kanzi,kanzi,Event,Event,9,1,6,72,0,,
kanzi,kanzi,Event,getId,3,1,0,84,0,,
kanzi,kanzi,Event,getSize,3,1,0,90,0,,
kanzi,kanzi,Event,getTime,3,1,0,96,0,,
kanzi,kanzi,Event,getHash,3,1,0,102,0,,
kanzi,kanzi,Event,getType,3,1,0,108,0,,
kanzi,kanzi,Event,toString,11,4,0,114,0,kanzi.Event,kanzi.Event
kanzi,kanzi,Global,Global,2,1,0,34,0,,
kanzi,kanzi,Global,initSquash,10,2,0,175,0,,
kanzi,kanzi,Global,squash,4,2,1,192,0,kanzi.Global,kanzi.Global
kanzi,kanzi,Global,initStretch,10,3,0,205,0,kanzi.Global,kanzi.Global
kanzi,kanzi,Global,tenLog10,5,3,1,224,0,kanzi.Global,kanzi.Global
kanzi,kanzi,Global,sin,7,4,1,238,0,,
kanzi,kanzi,Global,cos,7,4,1,258,0,,
kanzi,kanzi,Global,log2,4,2,1,276,0,,
kanzi,kanzi,Global,log2_1024,7,4,1,287,0,,
kanzi,kanzi,Global,isIn,3,1,3,308,0,,
kanzi,kanzi,Global,max,3,1,2,314,0,,
kanzi,kanzi,Global,min,3,1,2,320,0,,
kanzi,kanzi,Global,clip0_255,3,1,1,327,0,kanzi.Global,kanzi.Global
kanzi,kanzi,Global,abs,3,1,1,334,0,,
kanzi,kanzi,Global,positiveOrNull,3,1,1,342,0,,
kanzi,kanzi,Global,isNotNullFlag,3,1,1,350,0,,
kanzi,kanzi,Global,isPowerOf2,3,1,1,357,0,,
kanzi,kanzi,Global,resetLSB,3,1,1,364,0,,
kanzi,kanzi,Global,lsb,3,1,1,372,0,,
kanzi,kanzi,Global,msb,8,1,1,380,0,,
kanzi,kanzi,Global,roundUpPowerOfTwo,9,1,1,392,0,,
kanzi,kanzi,Global,sqrt,51,11,1,439,0,,
kanzi,kanzi,Global,encodePair,3,1,2,518,0,,
kanzi,kanzi,Global,decodePair,12,2,2,525,0,kanzi.Global,kanzi.Global
kanzi,kanzi,Global,computeHistogramOrder0,40,6,5,544,0,,
kanzi,kanzi,Global,computeHistogramOrder1,79,10,5,598,0,,
kanzi,kanzi,Global,computeFirstOrderEntropy1024,11,4,2,701,0,kanzi.Global,kanzi.Global
kanzi,kanzi,Global,computeJobsPerTask,15,5,3,722,0,,
kanzi,kanzi,Global,sortFilesByPathAndSize,17,3,2,749,0,,
kanzi,kanzi,Global,compare,11,3,2,753,0,,
kanzi,kanzi,Global,detectSimpleType,26,11,2,781,0,,
kanzi,kanzi,InputBitStream,readBit,0,1,0,22,0,,
kanzi,kanzi,InputBitStream,readBits,0,1,1,26,0,,
kanzi,kanzi,InputBitStream,readBits,0,1,3,32,0,,
kanzi,kanzi,InputBitStream,close,0,1,0,34,0,,
kanzi,kanzi,InputBitStream,read,0,1,0,37,0,,
kanzi,kanzi,InputBitStream,hasMoreToRead,0,1,0,40,0,,
kanzi,kanzi,IntSorter,sort,0,1,3,21,0,,
kanzi,kanzi,IntTransform,forward,0,1,2,24,0,,
kanzi,kanzi,IntTransform,inverse,0,1,2,30,0,,
kanzi,kanzi,IntTransform,getMaxEncodedLength,0,1,1,34,0,,
kanzi,kanzi,Listener,processEvent,0,1,1,20,0,,
kanzi,kanzi,Magic,getType,17,9,2,65,0,,
kanzi,kanzi,Magic,isCompressed,0,15,1,101,0,,
kanzi,kanzi,Magic,isMultimedia,0,11,1,128,0,,
kanzi,kanzi,Magic,isExecutable,0,7,1,150,0,,
kanzi,kanzi,Memory,Memory,2,1,0,23,0,,
kanzi,kanzi,Memory,main,29,1,1,176,0,,
kanzi,kanzi,OutputBitStream,writeBit,0,1,1,23,0,,
kanzi,kanzi,OutputBitStream,writeBits,0,1,2,27,0,,
kanzi,kanzi,OutputBitStream,writeBits,0,1,3,33,0,,
kanzi,kanzi,OutputBitStream,close,0,1,0,35,0,,
kanzi,kanzi,OutputBitStream,written,0,1,0,38,0,,
kanzi,kanzi,Predictor,update,0,1,1,23,0,,
kanzi,kanzi,Predictor,get,0,1,0,28,0,,
kanzi,kanzi,SliceByteArray,SliceByteArray,3,1,0,29,0,,
kanzi,kanzi,SliceByteArray,SliceByteArray,7,3,2,35,0,,
kanzi,kanzi,SliceByteArray,SliceByteArray,8,4,3,49,0,,
kanzi,kanzi,SliceByteArray,equals,11,3,1,66,0,,
kanzi,kanzi,SliceByteArray,hashCode,3,1,0,89,0,,
kanzi,kanzi,SliceByteArray,toString,11,1,0,96,0,,
kanzi,kanzi,SliceByteArray,isValid,7,5,1,112,0,,
kanzi,kanzi,SliceIntArray,SliceIntArray,3,1,0,29,0,,
kanzi,kanzi,SliceIntArray,SliceIntArray,7,3,2,35,0,,
kanzi,kanzi,SliceIntArray,SliceIntArray,8,4,3,49,0,,
kanzi,kanzi,SliceIntArray,equals,11,3,1,66,0,,
kanzi,kanzi,SliceIntArray,hashCode,3,1,0,89,0,,
kanzi,kanzi,SliceIntArray,toString,11,1,0,96,0,,
kanzi,kanzi,SliceIntArray,isValid,7,5,1,112,0,,
kanzi,kanzi.bitstream,DebugInputBitStream,DebugInputBitStream,3,1,1,36,0,,
kanzi,kanzi.bitstream,DebugInputBitStream,DebugInputBitStream,3,1,2,42,0,,
kanzi,kanzi.bitstream,DebugInputBitStream,DebugInputBitStream,9,5,3,48,0,,
kanzi,kanzi.bitstream,DebugInputBitStream,setMark,3,1,1,68,0,,
kanzi,kanzi.bitstream,DebugInputBitStream,mark,3,1,0,74,0,,
kanzi,kanzi.bitstream,DebugInputBitStream,showByte,3,1,1,80,0,,
kanzi,kanzi.bitstream,DebugInputBitStream,showByte,3,1,0,86,0,,
kanzi,kanzi.bitstream,DebugInputBitStream,printByte,5,3,1,92,0,,
kanzi,kanzi.bitstream,DebugInputBitStream,readBit,24,9,0,104,0,kanzi.bitstream.DebugInputBitStream,kanzi.bitstream.DebugInputBitStream
kanzi,kanzi.bitstream,DebugInputBitStream,readBits,27,10,1,146,0,kanzi.bitstream.DebugInputBitStream,kanzi.bitstream.DebugInputBitStream
kanzi,kanzi.bitstream,DebugInputBitStream,readBits,29,11,3,193,0,kanzi.bitstream.DebugInputBitStream,kanzi.bitstream.DebugInputBitStream
kanzi,kanzi.bitstream,DebugInputBitStream,close,3,1,0,243,0,,
kanzi,kanzi.bitstream,DebugInputBitStream,read,3,1,0,250,0,,
kanzi,kanzi.bitstream,DebugInputBitStream,hasMoreToRead,3,1,0,257,0,,
kanzi,kanzi.bitstream,DebugOutputBitStream,DebugOutputBitStream,3,1,1,36,0,,
kanzi,kanzi.bitstream,DebugOutputBitStream,DebugOutputBitStream,3,1,2,42,0,,
kanzi,kanzi.bitstream,DebugOutputBitStream,DebugOutputBitStream,9,5,3,48,0,,
kanzi,kanzi.bitstream,DebugOutputBitStream,setMark,3,1,1,68,0,,
kanzi,kanzi.bitstream,DebugOutputBitStream,mark,3,1,0,74,0,,
kanzi,kanzi.bitstream,DebugOutputBitStream,showByte,3,1,1,80,0,,
kanzi,kanzi.bitstream,DebugOutputBitStream,showByte,3,1,0,86,0,,
kanzi,kanzi.bitstream,DebugOutputBitStream,printByte,5,3,1,92,0,,
kanzi,kanzi.bitstream,DebugOutputBitStream,writeBit,24,9,1,104,0,kanzi.bitstream.DebugOutputBitStream,kanzi.bitstream.DebugOutputBitStream
kanzi,kanzi.bitstream,DebugOutputBitStream,writeBits,27,10,2,146,0,kanzi.bitstream.DebugOutputBitStream,kanzi.bitstream.DebugOutputBitStream
kanzi,kanzi.bitstream,DebugOutputBitStream,writeBits,29,11,3,193,0,kanzi.bitstream.DebugOutputBitStream,kanzi.bitstream.DebugOutputBitStream
kanzi,kanzi.bitstream,DebugOutputBitStream,close,3,1,0,243,0,,
kanzi,kanzi.bitstream,DebugOutputBitStream,written,3,1,0,250,0,,
kanzi,kanzi.bitstream,DefaultInputBitStream,DefaultInputBitStream,10,5,2,37,0,,
kanzi,kanzi.bitstream,DefaultInputBitStream,readBit,5,2,0,59,0,kanzi.bitstream.DefaultInputBitStream,kanzi.bitstream.DefaultInputBitStream
kanzi,kanzi.bitstream,DefaultInputBitStream,readFromInputStream,20,4,1,70,0,kanzi.bitstream.DefaultInputBitStream,kanzi.bitstream.DefaultInputBitStream
kanzi,kanzi.bitstream,DefaultInputBitStream,readBits,12,3,1,106,0,kanzi.bitstream.DefaultInputBitStream,kanzi.bitstream.DefaultInputBitStream
kanzi,kanzi.bitstream,DefaultInputBitStream,readBits,45,12,3,128,0,kanzi.bitstream.DefaultInputBitStream,kanzi.bitstream.DefaultInputBitStream
kanzi,kanzi.bitstream,DefaultInputBitStream,pullCurrent,18,4,0,208,0,kanzi.bitstream.DefaultInputBitStream,kanzi.bitstream.DefaultInputBitStream
kanzi,kanzi.bitstream,DefaultInputBitStream,close,7,2,0,238,0,kanzi.bitstream.DefaultInputBitStream,kanzi.bitstream.DefaultInputBitStream
kanzi,kanzi.bitstream,DefaultInputBitStream,read,3,1,0,255,0,,
kanzi,kanzi.bitstream,DefaultInputBitStream,hasMoreToRead,11,3,0,262,0,kanzi.bitstream.DefaultInputBitStream,kanzi.bitstream.DefaultInputBitStream
kanzi,kanzi.bitstream,DefaultInputBitStream,isClosed,3,1,0,284,0,,
kanzi,kanzi.bitstream,DefaultOutputBitStream,DefaultOutputBitStream,9,5,2,36,0,,
kanzi,kanzi.bitstream,DefaultOutputBitStream,writeBit,10,2,1,57,0,kanzi.bitstream.DefaultOutputBitStream,kanzi.bitstream.DefaultOutputBitStream
kanzi,kanzi.bitstream,DefaultOutputBitStream,writeBits,13,5,2,74,0,kanzi.bitstream.DefaultOutputBitStream,kanzi.bitstream.DefaultOutputBitStream
kanzi,kanzi.bitstream,DefaultOutputBitStream,writeBits,48,11,3,99,0,kanzi.bitstream.DefaultOutputBitStream,kanzi.bitstream.DefaultOutputBitStream
kanzi,kanzi.bitstream,DefaultOutputBitStream,pushCurrent,7,2,0,181,0,kanzi.bitstream.DefaultOutputBitStream,kanzi.bitstream.DefaultOutputBitStream
kanzi,kanzi.bitstream,DefaultOutputBitStream,flush,13,3,0,194,0,kanzi.bitstream.DefaultOutputBitStream,kanzi.bitstream.DefaultOutputBitStream
kanzi,kanzi.bitstream,DefaultOutputBitStream,close,32,3,0,215,0,kanzi.bitstream.DefaultOutputBitStream,kanzi.bitstream.DefaultOutputBitStream
kanzi,kanzi.bitstream,DefaultOutputBitStream,written,3,1,0,268,0,,
kanzi,kanzi.bitstream,DefaultOutputBitStream,isClosed,3,1,0,276,0,,
kanzi,kanzi.entropy,ANSRangeDecoder,ANSRangeDecoder,3,1,1,47,0,,
kanzi,kanzi.entropy,ANSRangeDecoder,ANSRangeDecoder,3,1,2,53,0,,
kanzi,kanzi.entropy,ANSRangeDecoder,ANSRangeDecoder,21,6,3,61,0,,
kanzi,kanzi.entropy,ANSRangeDecoder,ANSRangeDecoder,20,4,3,94,0,,
kanzi,kanzi.entropy,ANSRangeDecoder,decode,27,10,3,123,0,kanzi.entropy.ANSRangeDecoder,kanzi.entropy.ANSRangeDecoder
kanzi,kanzi.entropy,ANSRangeDecoder,decodeChunkV1,52,10,3,176,0,,
kanzi,kanzi.entropy,ANSRangeDecoder,decodeSymbol,9,2,4,264,0,,
kanzi,kanzi.entropy,ANSRangeDecoder,decodeChunkV2,61,7,3,282,0,kanzi.entropy.ANSRangeDecoder,kanzi.entropy.ANSRangeDecoder
kanzi,kanzi.entropy,ANSRangeDecoder,decodeHeader,50,16,2,367,0,,
kanzi,kanzi.entropy,ANSRangeDecoder,getBitStream,3,1,0,467,0,,
kanzi,kanzi.entropy,ANSRangeDecoder,dispose,2,1,0,474,0,,
kanzi,kanzi.entropy,ANSRangeEncoder,ANSRangeEncoder,3,1,1,45,0,,
kanzi,kanzi.entropy,ANSRangeEncoder,ANSRangeEncoder,3,1,2,51,0,,
kanzi,kanzi.entropy,ANSRangeEncoder,ANSRangeEncoder,19,7,4,59,0,,
kanzi,kanzi.entropy,ANSRangeEncoder,ANSRangeEncoder,16,4,3,93,0,,
kanzi,kanzi.entropy,ANSRangeEncoder,updateFrequencies,22,5,2,119,0,kanzi.entropy.ANSRangeEncoder,kanzi.entropy.ANSRangeEncoder
kanzi,kanzi.entropy,ANSRangeEncoder,encodeHeader,21,10,4,155,0,,
kanzi,kanzi.entropy,ANSRangeEncoder,encode,25,8,3,203,0,kanzi.entropy.ANSRangeEncoder,kanzi.entropy.ANSRangeEncoder
kanzi,kanzi.entropy,ANSRangeEncoder,encodeSymbol,10,2,3,250,0,,
kanzi,kanzi.entropy,ANSRangeEncoder,encodeChunk,56,6,3,268,0,kanzi.entropy.ANSRangeEncoder,kanzi.entropy.ANSRangeEncoder
kanzi,kanzi.entropy,ANSRangeEncoder,rebuildStatistics,18,4,4,348,0,kanzi.entropy.ANSRangeEncoder,kanzi.entropy.ANSRangeEncoder
kanzi,kanzi.entropy,ANSRangeEncoder,getBitStream,3,1,0,377,0,,
kanzi,kanzi.entropy,ANSRangeEncoder,dispose,2,1,0,384,0,,
kanzi,kanzi.entropy,BinaryEntropyDecoder,BinaryEntropyDecoder,9,3,2,44,0,,
kanzi,kanzi.entropy,BinaryEntropyDecoder,decode,22,8,3,61,0,kanzi.entropy.BinaryEntropyDecoder,kanzi.entropy.BinaryEntropyDecoder
kanzi,kanzi.entropy,BinaryEntropyDecoder,decodeByte,3,1,0,108,0,kanzi.entropy.BinaryEntropyDecoder,kanzi.entropy.BinaryEntropyDecoder
kanzi,kanzi.entropy,BinaryEntropyDecoder,decodeBit,15,3,1,121,0,kanzi.entropy.BinaryEntropyDecoder,kanzi.entropy.BinaryEntropyDecoder
kanzi,kanzi.entropy,BinaryEntropyDecoder,read,7,1,0,150,0,,
kanzi,kanzi.entropy,BinaryEntropyDecoder,getBitStream,3,1,0,160,0,,
kanzi,kanzi.entropy,BinaryEntropyDecoder,dispose,2,1,0,167,0,,
kanzi,kanzi.entropy,BinaryEntropyEncoder,BinaryEntropyEncoder,9,3,2,44,0,,
kanzi,kanzi.entropy,BinaryEntropyEncoder,encode,22,8,3,60,0,kanzi.entropy.BinaryEntropyEncoder,kanzi.entropy.BinaryEntropyEncoder
kanzi,kanzi.entropy,BinaryEntropyEncoder,encodeByte,10,1,1,106,0,kanzi.entropy.BinaryEntropyEncoder,kanzi.entropy.BinaryEntropyEncoder
kanzi,kanzi.entropy,BinaryEntropyEncoder,encodeBit,7,3,2,119,0,kanzi.entropy.BinaryEntropyEncoder,kanzi.entropy.BinaryEntropyEncoder
kanzi,kanzi.entropy,BinaryEntropyEncoder,flush,6,1,0,140,0,,
kanzi,kanzi.entropy,BinaryEntropyEncoder,getBitStream,3,1,0,149,0,,
kanzi,kanzi.entropy,BinaryEntropyEncoder,dispose,5,2,0,156,0,,
kanzi,kanzi.entropy,CMPredictor,CMPredictor,18,4,1,40,0,,
kanzi,kanzi.entropy,CMPredictor,update,24,3,1,71,0,,
kanzi,kanzi.entropy,CMPredictor,get,13,2,0,105,0,,
kanzi,kanzi.entropy,EntropyCodecFactory,newDecoder,0,11,3,45,0,,
kanzi,kanzi.entropy,EntropyCodecFactory,newEncoder,0,11,3,87,0,,
kanzi,kanzi.entropy,EntropyCodecFactory,getName,0,10,1,127,0,,
kanzi,kanzi.entropy,EntropyCodecFactory,getType,0,10,1,164,0,,
kanzi,kanzi.entropy,EntropyUtils,encodeAlphabet,0,7,3,36,0,,
kanzi,kanzi.entropy,EntropyUtils,decodeAlphabet,19,8,2,78,0,,
kanzi,kanzi.entropy,EntropyUtils,normalizeFrequencies,66,21,4,124,0,,
kanzi,kanzi.entropy,EntropyUtils,writeVarInt,15,3,2,249,0,,
kanzi,kanzi.entropy,EntropyUtils,readVarInt,11,2,1,272,0,,
kanzi,kanzi.entropy,ExpGolombDecoder,ExpGolombDecoder,5,2,2,29,0,,
kanzi,kanzi.entropy,ExpGolombDecoder,isSigned,3,1,0,39,0,,
kanzi,kanzi.entropy,ExpGolombDecoder,decodeByte,12,4,0,45,0,,
kanzi,kanzi.entropy,ExpGolombDecoder,getBitStream,3,1,0,69,0,,
kanzi,kanzi.entropy,ExpGolombDecoder,decode,6,3,3,76,0,kanzi.entropy.ExpGolombDecoder,kanzi.entropy.ExpGolombDecoder
kanzi,kanzi.entropy,ExpGolombDecoder,dispose,2,1,0,91,0,,
kanzi,kanzi.entropy,ExpGolombEncoder,ExpGolombEncoder,6,2,2,73,0,,
kanzi,kanzi.entropy,ExpGolombEncoder,isSigned,3,1,0,84,0,,
kanzi,kanzi.entropy,ExpGolombEncoder,encode,6,3,3,90,0,kanzi.entropy.ExpGolombEncoder,kanzi.entropy.ExpGolombEncoder
kanzi,kanzi.entropy,ExpGolombEncoder,encodeByte,8,2,1,105,0,,
kanzi,kanzi.entropy,ExpGolombEncoder,getBitStream,3,1,0,119,0,,
kanzi,kanzi.entropy,ExpGolombEncoder,dispose,2,1,0,126,0,,
kanzi,kanzi.entropy,FastLogisticAdaptiveProbMap,FastLogisticAdaptiveProbMap,6,3,2,30,0,,
kanzi,kanzi.entropy,FastLogisticAdaptiveProbMap,get,6,1,3,44,0,,
kanzi,kanzi.entropy,FPAQDecoder,FPAQDecoder,14,4,2,51,0,,
kanzi,kanzi.entropy,FPAQDecoder,decode,49,9,3,77,0,kanzi.entropy.FPAQDecoder,kanzi.entropy.FPAQDecoder
kanzi,kanzi.entropy,FPAQDecoder,decodeBitV1,18,3,1,149,0,kanzi.entropy.FPAQDecoder,kanzi.entropy.FPAQDecoder
kanzi,kanzi.entropy,FPAQDecoder,decodeBitV2,18,3,1,180,0,kanzi.entropy.FPAQDecoder,kanzi.entropy.FPAQDecoder
kanzi,kanzi.entropy,FPAQDecoder,read,7,1,0,211,0,,
kanzi,kanzi.entropy,FPAQDecoder,getBitStream,3,1,0,221,0,,
kanzi,kanzi.entropy,FPAQDecoder,dispose,2,1,0,228,0,,
kanzi,kanzi.entropy,FPAQEncoder,FPAQEncoder,10,3,1,48,0,,
kanzi,kanzi.entropy,FPAQEncoder,encode,31,7,3,65,0,kanzi.entropy.FPAQEncoder,kanzi.entropy.FPAQEncoder
kanzi,kanzi.entropy,FPAQEncoder,encodeBit,12,3,2,116,0,kanzi.entropy.FPAQEncoder,kanzi.entropy.FPAQEncoder
kanzi,kanzi.entropy,FPAQEncoder,flush,6,1,0,140,0,,
kanzi,kanzi.entropy,FPAQEncoder,getBitStream,3,1,0,149,0,,
kanzi,kanzi.entropy,FPAQEncoder,dispose,5,2,0,156,0,,
kanzi,kanzi.entropy,HuffmanCommon,generateCanonicalCodes,28,9,5,29,0,,
kanzi,kanzi.entropy,HuffmanDecoder,HuffmanDecoder,3,1,2,42,0,,
kanzi,kanzi.entropy,HuffmanDecoder,HuffmanDecoder,19,5,3,50,0,,
kanzi,kanzi.entropy,HuffmanDecoder,readLengths,23,6,0,84,0,kanzi.entropy.HuffmanDecoder,kanzi.entropy.HuffmanDecoder
kanzi,kanzi.entropy,HuffmanDecoder,buildDecodingTables,14,5,1,130,0,,
kanzi,kanzi.entropy,HuffmanDecoder,decode,122,22,3,160,0,kanzi.entropy.HuffmanDecoder,kanzi.entropy.HuffmanDecoder
kanzi,kanzi.entropy,HuffmanDecoder,getBitStream,3,1,0,355,0,,
kanzi,kanzi.entropy,HuffmanDecoder,dispose,2,1,0,362,0,,
kanzi,kanzi.entropy,HuffmanEncoder,HuffmanEncoder,3,1,1,38,0,,
kanzi,kanzi.entropy,HuffmanEncoder,HuffmanEncoder,11,5,2,46,0,,
kanzi,kanzi.entropy,HuffmanEncoder,updateFrequencies,49,14,1,70,0,kanzi.entropy.HuffmanEncoder,kanzi.entropy.HuffmanEncoder
kanzi,kanzi.entropy,HuffmanEncoder,computeCodeLengths,19,6,3,163,0,kanzi.entropy.HuffmanEncoder,kanzi.entropy.HuffmanEncoder
kanzi,kanzi.entropy,HuffmanEncoder,computeInPlaceSizesPhase1,17,5,2,201,0,,
kanzi,kanzi.entropy,HuffmanEncoder,computeInPlaceSizesPhase2,16,4,2,230,0,,
kanzi,kanzi.entropy,HuffmanEncoder,encode,59,10,3,258,0,kanzi.entropy.HuffmanEncoder,kanzi.entropy.HuffmanEncoder
kanzi,kanzi.entropy,HuffmanEncoder,getBitStream,3,1,0,352,0,,
kanzi,kanzi.entropy,HuffmanEncoder,dispose,2,1,0,359,0,,
kanzi,kanzi.entropy,LinearAdaptiveProbMap,LinearAdaptiveProbMap,7,3,2,29,0,,
kanzi,kanzi.entropy,LinearAdaptiveProbMap,get,8,1,3,44,0,,
kanzi,kanzi.entropy,LogisticAdaptiveProbMap,LogisticAdaptiveProbMap,7,3,2,30,0,,
kanzi,kanzi.entropy,LogisticAdaptiveProbMap,get,9,1,3,45,0,,
kanzi,kanzi.entropy,NullEntropyDecoder,NullEntropyDecoder,4,2,1,29,0,,
kanzi,kanzi.entropy,NullEntropyDecoder,decode,11,3,3,38,0,,
kanzi,kanzi.entropy,NullEntropyDecoder,decodeByte,3,1,0,58,0,,
kanzi,kanzi.entropy,NullEntropyDecoder,getBitStream,3,1,0,64,0,,
kanzi,kanzi.entropy,NullEntropyDecoder,dispose,2,1,0,71,0,,
kanzi,kanzi.entropy,NullEntropyEncoder,NullEntropyEncoder,4,2,1,29,0,,
kanzi,kanzi.entropy,NullEntropyEncoder,encode,11,3,3,38,0,,
kanzi,kanzi.entropy,NullEntropyEncoder,encodeByte,3,1,1,58,0,,
kanzi,kanzi.entropy,NullEntropyEncoder,getBitStream,3,1,0,64,0,,
kanzi,kanzi.entropy,NullEntropyEncoder,dispose,2,1,0,71,0,,
kanzi,kanzi.entropy,RangeDecoder,RangeDecoder,3,1,1,49,0,,
kanzi,kanzi.entropy,RangeDecoder,RangeDecoder,12,4,2,57,0,,
kanzi,kanzi.entropy,RangeDecoder,decodeHeader,41,13,1,78,0,,
kanzi,kanzi.entropy,RangeDecoder,decode,23,8,3,161,0,kanzi.entropy.RangeDecoder,kanzi.entropy.RangeDecoder
kanzi,kanzi.entropy,RangeDecoder,decodeByte,19,4,0,207,0,,
kanzi,kanzi.entropy,RangeDecoder,getBitStream,3,1,0,239,0,,
kanzi,kanzi.entropy,RangeDecoder,dispose,2,1,0,246,0,,
kanzi,kanzi.entropy,RangeEncoder,RangeEncoder,3,1,1,49,0,,
kanzi,kanzi.entropy,RangeEncoder,RangeEncoder,12,5,3,57,0,,
kanzi,kanzi.entropy,RangeEncoder,updateFrequencies,10,4,3,81,0,kanzi.entropy.RangeEncoder,kanzi.entropy.RangeEncoder
kanzi,kanzi.entropy,RangeEncoder,encodeHeader,22,10,4,102,0,,
kanzi,kanzi.entropy,RangeEncoder,encode,23,7,3,151,0,kanzi.entropy.RangeEncoder,kanzi.entropy.RangeEncoder
kanzi,kanzi.entropy,RangeEncoder,encodeByte,17,4,1,196,0,,
kanzi,kanzi.entropy,RangeEncoder,rebuildStatistics,4,1,4,226,0,kanzi.entropy.RangeEncoder,kanzi.entropy.RangeEncoder
kanzi,kanzi.entropy,RangeEncoder,getBitStream,3,1,0,233,0,,
kanzi,kanzi.entropy,RangeEncoder,dispose,2,1,0,240,0,,
kanzi,kanzi.entropy,RiceGolombDecoder,RiceGolombDecoder,7,3,3,30,0,,
kanzi,kanzi.entropy,RiceGolombDecoder,isSigned,3,1,0,45,0,,
kanzi,kanzi.entropy,RiceGolombDecoder,decodeByte,9,4,0,51,0,,
kanzi,kanzi.entropy,RiceGolombDecoder,getBitStream,3,1,0,72,0,,
kanzi,kanzi.entropy,RiceGolombDecoder,decode,6,3,3,79,0,kanzi.entropy.RiceGolombDecoder,kanzi.entropy.RiceGolombDecoder
kanzi,kanzi.entropy,RiceGolombDecoder,dispose,2,1,0,94,0,,
kanzi,kanzi.entropy,RiceGolombEncoder,RiceGolombEncoder,8,3,3,30,0,,
kanzi,kanzi.entropy,RiceGolombEncoder,isSigned,3,1,0,46,0,,
kanzi,kanzi.entropy,RiceGolombEncoder,encodeByte,15,3,1,52,0,,
kanzi,kanzi.entropy,RiceGolombEncoder,getBitStream,3,1,0,78,0,,
kanzi,kanzi.entropy,RiceGolombEncoder,encode,6,3,3,85,0,kanzi.entropy.RiceGolombEncoder,kanzi.entropy.RiceGolombEncoder
kanzi,kanzi.entropy,RiceGolombEncoder,dispose,2,1,0,100,0,,
kanzi,kanzi.entropy,TPAQPredictor,hash,4,1,2,166,0,,
kanzi,kanzi.entropy,TPAQPredictor,TPAQPredictor,3,1,0,214,0,,
kanzi,kanzi.entropy,TPAQPredictor,TPAQPredictor,45,10,1,220,0,,
kanzi,kanzi.entropy,TPAQPredictor,update,80,9,1,297,0,kanzi.entropy.TPAQPredictor,kanzi.entropy.TPAQPredictor
kanzi,kanzi.entropy,TPAQPredictor,findMatch,22,6,0,423,0,,
kanzi,kanzi.entropy,TPAQPredictor,getMatchContextPred,7,2,0,463,0,,
kanzi,kanzi.entropy,TPAQPredictor,createContext,5,1,2,476,0,,
kanzi,kanzi.entropy,TPAQPredictor,get,3,1,0,485,0,,
kanzi,kanzi.io,CompressedInputStream,CompressedInputStream,3,1,2,83,0,,
kanzi,kanzi.io,CompressedInputStream,CompressedInputStream,22,6,2,90,0,,
kanzi,kanzi.io,CompressedInputStream,readHeader,55,11,0,128,0,kanzi.io.CompressedInputStream,kanzi.io.CompressedInputStream
kanzi,kanzi.io,CompressedInputStream,addListener,3,1,1,238,0,,
kanzi,kanzi.io,CompressedInputStream,removeListener,3,1,1,244,0,,
kanzi,kanzi.io,CompressedInputStream,read,22,5,0,250,0,kanzi.io.CompressedInputStream,kanzi.io.CompressedInputStream
kanzi,kanzi.io,CompressedInputStream,read,24,8,3,302,0,kanzi.io.CompressedInputStream,kanzi.io.CompressedInputStream
kanzi,kanzi.io,CompressedInputStream,processBlock,75,17,0,385,0,kanzi.io.CompressedInputStream,kanzi.io.CompressedInputStream
kanzi,kanzi.io,CompressedInputStream,close,12,3,0,524,0,,
kanzi,kanzi.io,CompressedInputStream,getRead,3,1,0,555,0,,
kanzi,kanzi.io,CompressedInputStream,notifyListeners,9,2,2,561,0,,
kanzi,kanzi.io,CompressedOutputStream,CompressedOutputStream,3,1,2,85,0,,
kanzi,kanzi.io,CompressedOutputStream,CompressedOutputStream,41,11,2,92,0,,
kanzi,kanzi.io,CompressedOutputStream,writeHeader,18,9,0,170,0,,
kanzi,kanzi.io,CompressedOutputStream,addListener,3,1,1,207,0,,
kanzi,kanzi.io,CompressedOutputStream,removeListener,3,1,1,213,0,,
kanzi,kanzi.io,CompressedOutputStream,write,31,8,3,219,0,kanzi.io.CompressedOutputStream,kanzi.io.CompressedOutputStream
kanzi,kanzi.io,CompressedOutputStream,write,29,5,1,304,0,kanzi.io.CompressedOutputStream,kanzi.io.CompressedOutputStream
kanzi,kanzi.io,CompressedOutputStream,flush,2,1,0,366,0,,
kanzi,kanzi.io,CompressedOutputStream,close,15,3,0,390,0,kanzi.io.CompressedOutputStream,kanzi.io.CompressedOutputStream
kanzi,kanzi.io,CompressedOutputStream,processBlock,45,10,0,428,0,kanzi.io.CompressedOutputStream,kanzi.io.CompressedOutputStream
kanzi,kanzi.io,CompressedOutputStream,getWritten,3,1,0,516,0,,
kanzi,kanzi.io,CompressedOutputStream,notifyListeners,9,2,2,522,0,,
kanzi,kanzi.io,IOException,IOException,4,1,2,25,0,,
kanzi,kanzi.io,IOException,getErrorCode,3,1,0,32,0,,
kanzi,kanzi.io,NullOutputStream,write,2,1,1,23,0,,
kanzi,kanzi.transform,AliasCodec,AliasCodec,3,1,0,32,0,,
kanzi,kanzi.transform,AliasCodec,AliasCodec,3,1,1,38,0,,
kanzi,kanzi.transform,AliasCodec,forward,98,30,2,44,0,kanzi.transform.AliasCodec,kanzi.transform.AliasCodec
kanzi,kanzi.transform,AliasCodec,inverse,81,21,2,223,0,,
kanzi,kanzi.transform,AliasCodec,getMaxEncodedLength,3,1,1,357,0,,
kanzi,kanzi.transform,BWT,BWT,9,1,0,86,0,,
kanzi,kanzi.transform,BWT,BWT,13,3,1,99,0,,
kanzi,kanzi.transform,BWT,getPrimaryIndex,3,1,1,121,0,,
kanzi,kanzi.transform,BWT,setPrimaryIndex,5,2,2,128,0,,
kanzi,kanzi.transform,BWT,forward,17,9,2,139,0,kanzi.transform.BWT,kanzi.transform.BWT
kanzi,kanzi.transform,BWT,inverse,13,8,2,182,0,kanzi.transform.BWT,kanzi.transform.BWT
kanzi,kanzi.transform,BWT,inverseMergeTPSI,101,11,3,218,0,kanzi.transform.BWT,kanzi.transform.BWT
kanzi,kanzi.transform,BWT,inverseBiPSIv2,107,26,3,349,0,kanzi.transform.BWT,kanzi.transform.BWT
kanzi,kanzi.transform,BWT,maxBlockSize,3,1,0,523,0,,
kanzi,kanzi.transform,BWT,getBWTChunks,3,1,1,529,0,,
kanzi,kanzi.transform,BWT,getMaxEncodedLength,3,1,1,646,0,,
kanzi,kanzi.transform,BWTBlockCodec,BWTBlockCodec,3,1,0,43,0,,
kanzi,kanzi.transform,BWTBlockCodec,BWTBlockCodec,3,1,1,49,0,,
kanzi,kanzi.transform,BWTBlockCodec,forward,41,12,2,57,0,kanzi.transform.BWTBlockCodec,kanzi.transform.BWTBlockCodec
kanzi,kanzi.transform,BWTBlockCodec,inverse,20,7,2,140,0,,
kanzi,kanzi.transform,BWTBlockCodec,getMaxEncodedLength,3,1,1,181,0,,
kanzi,kanzi.transform,BWTS,BWTS,5,1,0,40,0,,
kanzi,kanzi.transform,BWTS,BWTS,5,1,1,48,0,,
kanzi,kanzi.transform,BWTS,forward,59,20,2,57,0,kanzi.transform.BWTS,kanzi.transform.BWTS
kanzi,kanzi.transform,BWTS,moveLyndonWordHead,22,6,8,173,0,,
kanzi,kanzi.transform,BWTS,inverse,40,15,2,212,0,kanzi.transform.BWTS,kanzi.transform.BWTS
kanzi,kanzi.transform,BWTS,maxBlockSize,3,1,0,294,0,,
kanzi,kanzi.transform,BWTS,getMaxEncodedLength,3,1,1,301,0,,
kanzi,kanzi.transform,DivSufSort,DivSufSort,9,1,0,78,0,,
kanzi,kanzi.transform,DivSufSort,reset,7,3,0,90,0,,
kanzi,kanzi.transform,DivSufSort,computeSuffixArray,8,3,4,106,0,kanzi.transform.DivSufSort,kanzi.transform.DivSufSort
kanzi,kanzi.transform,DivSufSort,constructSuffixArray,43,12,4,122,0,,
kanzi,kanzi.transform,DivSufSort,computeBWT,13,5,8,196,0,kanzi.transform.DivSufSort,kanzi.transform.DivSufSort
kanzi,kanzi.transform,DivSufSort,constructBWT,64,19,6,223,0,,
kanzi,kanzi.transform,DivSufSort,sortTypeBstar,113,24,3,335,0,kanzi.transform.DivSufSort,kanzi.transform.DivSufSort
kanzi,kanzi.transform,DivSufSort,ssSort,55,13,8,526,0,kanzi.transform.DivSufSort,kanzi.transform.DivSufSort
kanzi,kanzi.transform,DivSufSort,ssCompare,19,4,4,615,0,,
kanzi,kanzi.transform,DivSufSort,ssCompare,19,4,3,643,0,,
kanzi,kanzi.transform,DivSufSort,ssInplaceMerge,38,11,5,671,0,kanzi.transform.DivSufSort,kanzi.transform.DivSufSort
kanzi,kanzi.transform,DivSufSort,ssRotate,47,10,3,736,0,kanzi.transform.DivSufSort,kanzi.transform.DivSufSort
kanzi,kanzi.transform,DivSufSort,ssBlockSwap,10,2,3,806,0,,
kanzi,kanzi.transform,DivSufSort,getIndex,3,1,1,820,0,,
kanzi,kanzi.transform,DivSufSort,ssSwapMerge,99,27,7,826,0,kanzi.transform.DivSufSort,kanzi.transform.DivSufSort
kanzi,kanzi.transform,DivSufSort,ssMergeForward,65,14,6,994,0,kanzi.transform.DivSufSort,kanzi.transform.DivSufSort
kanzi,kanzi.transform,DivSufSort,ssMergeBackward,116,24,6,1089,0,kanzi.transform.DivSufSort,kanzi.transform.DivSufSort
kanzi,kanzi.transform,DivSufSort,ssInsertionSort,18,6,4,1265,0,kanzi.transform.DivSufSort,kanzi.transform.DivSufSort
kanzi,kanzi.transform,DivSufSort,ssIsqrt,17,5,1,1296,0,,
kanzi,kanzi.transform,DivSufSort,ssMultiKeyIntroSort,164,42,4,1331,0,kanzi.transform.DivSufSort,kanzi.transform.DivSufSort
kanzi,kanzi.transform,DivSufSort,ssPivot,12,2,4,1584,0,kanzi.transform.DivSufSort,kanzi.transform.DivSufSort
kanzi,kanzi.transform,DivSufSort,ssMedian5,34,6,7,1603,0,,
kanzi,kanzi.transform,DivSufSort,ssMedian3,9,3,5,1650,0,,
kanzi,kanzi.transform,DivSufSort,ssPartition,22,6,4,1666,0,,
kanzi,kanzi.transform,DivSufSort,ssHeapSort,18,6,4,1704,0,kanzi.transform.DivSufSort,kanzi.transform.DivSufSort
kanzi,kanzi.transform,DivSufSort,ssFixDown,21,4,5,1735,0,,
kanzi,kanzi.transform,DivSufSort,ssIlg,3,1,1,1767,0,,
kanzi,kanzi.transform,DivSufSort,swapInSA,5,1,2,1774,0,,
kanzi,kanzi.transform,DivSufSort,trSort,34,10,2,1783,0,kanzi.transform.DivSufSort,kanzi.transform.DivSufSort
kanzi,kanzi.transform,DivSufSort,trPartition,60,21,5,1840,0,kanzi.transform.DivSufSort,kanzi.transform.DivSufSort
kanzi,kanzi.transform,DivSufSort,trIntroSort,324,64,5,1945,0,kanzi.transform.DivSufSort,kanzi.transform.DivSufSort
kanzi,kanzi.transform,DivSufSort,trPivot,14,3,4,2418,0,kanzi.transform.DivSufSort,kanzi.transform.DivSufSort
kanzi,kanzi.transform,DivSufSort,trMedian5,34,6,7,2440,0,,
kanzi,kanzi.transform,DivSufSort,trMedian3,9,3,5,2487,0,,
kanzi,kanzi.transform,DivSufSort,trHeapSort,19,6,3,2503,0,kanzi.transform.DivSufSort,kanzi.transform.DivSufSort
kanzi,kanzi.transform,DivSufSort,trFixDown,21,4,4,2535,0,,
kanzi,kanzi.transform,DivSufSort,trInsertionSort,19,6,3,2567,0,,
kanzi,kanzi.transform,DivSufSort,trPartialCopy,47,10,6,2600,0,,
kanzi,kanzi.transform,DivSufSort,trCopy,23,5,6,2672,0,,
kanzi,kanzi.transform,DivSufSort,trIlg,3,1,1,2707,0,,
kanzi,kanzi.transform,EXECodec,EXECodec,3,1,0,75,0,,
kanzi,kanzi.transform,EXECodec,EXECodec,6,2,1,81,0,,
kanzi,kanzi.transform,EXECodec,forward,20,11,2,93,0,kanzi.transform.EXECodec,kanzi.transform.EXECodec
kanzi,kanzi.transform,EXECodec,forwardX86,53,12,2,141,0,,
kanzi,kanzi.transform,EXECodec,forwardARM,69,11,2,228,0,,
kanzi,kanzi.transform,EXECodec,inverse,10,7,2,335,0,kanzi.transform.EXECodec,kanzi.transform.EXECodec
kanzi,kanzi.transform,EXECodec,inverseX86,40,8,2,363,0,,
kanzi,kanzi.transform,EXECodec,inverseV2,33,9,2,424,0,,
kanzi,kanzi.transform,EXECodec,inverseARM,57,6,2,488,0,,
kanzi,kanzi.transform,EXECodec,getMaxEncodedLength,3,1,1,565,0,,
kanzi,kanzi.transform,EXECodec,detectType,42,20,3,573,0,kanzi.transform.EXECodec,kanzi.transform.EXECodec
kanzi,kanzi.transform,EXECodec,parseHeader,132,31,4,669,0,,
kanzi,kanzi.transform,FSDCodec,FSDCodec,2,1,0,36,0,,
kanzi,kanzi.transform,FSDCodec,FSDCodec,3,1,1,41,0,,
kanzi,kanzi.transform,FSDCodec,forward,0,29,2,47,0,kanzi.transform.FSDCodec,kanzi.transform.FSDCodec
kanzi,kanzi.transform,FSDCodec,inverse,42,10,2,222,0,,
kanzi,kanzi.transform,FSDCodec,getMaxEncodedLength,3,1,1,292,0,,
kanzi,kanzi.transform,LZCodec,LZCodec,3,1,0,34,0,,
kanzi,kanzi.transform,LZCodec,LZCodec,4,1,1,40,0,,
kanzi,kanzi.transform,LZCodec,getMaxEncodedLength,3,1,1,48,0,,
kanzi,kanzi.transform,LZCodec,forward,5,3,2,55,0,,
kanzi,kanzi.transform,LZCodec,inverse,5,3,2,68,0,,
kanzi,kanzi.transform,LZCodec,differentInts,3,1,3,81,0,,
kanzi,kanzi.transform,NullTransform,NullTransform,2,1,0,25,0,,
kanzi,kanzi.transform,NullTransform,NullTransform,2,1,1,30,0,,
kanzi,kanzi.transform,NullTransform,forward,3,1,2,35,0,kanzi.transform.NullTransform,kanzi.transform.NullTransform
kanzi,kanzi.transform,NullTransform,inverse,3,1,2,42,0,kanzi.transform.NullTransform,kanzi.transform.NullTransform
kanzi,kanzi.transform,NullTransform,doCopy,9,4,2,49,0,,
kanzi,kanzi.transform,NullTransform,getMaxEncodedLength,3,1,1,68,0,,
kanzi,kanzi.transform,RLT,RLT,4,1,0,44,0,,
kanzi,kanzi.transform,RLT,RLT,4,1,1,51,0,,
kanzi,kanzi.transform,RLT,forward,132,42,2,58,0,kanzi.transform.RLT,kanzi.transform.RLT
kanzi,kanzi.transform,RLT,emitRunLength,16,3,3,279,0,,
kanzi,kanzi.transform,RLT,inverse,73,18,2,303,0,,
kanzi,kanzi.transform,RLT,getMaxEncodedLength,3,1,1,423,0,,
kanzi,kanzi.transform,ROLZCodec,ROLZCodec,3,1,0,53,0,,
kanzi,kanzi.transform,ROLZCodec,ROLZCodec,3,1,1,59,0,,
kanzi,kanzi.transform,ROLZCodec,ROLZCodec,5,2,1,65,0,,
kanzi,kanzi.transform,ROLZCodec,getKey1,3,1,2,77,0,,
kanzi,kanzi.transform,ROLZCodec,getKey2,3,1,2,83,0,,
kanzi,kanzi.transform,ROLZCodec,hash,3,1,2,89,0,,
kanzi,kanzi.transform,ROLZCodec,emitCopy,16,3,4,95,0,,
kanzi,kanzi.transform,ROLZCodec,getMaxEncodedLength,3,1,1,118,0,,
kanzi,kanzi.transform,ROLZCodec,forward,7,5,2,125,0,,
kanzi,kanzi.transform,ROLZCodec,inverse,6,4,2,144,0,,
kanzi,kanzi.transform,SA_IS,getCounts,8,3,4,37,0,,
kanzi,kanzi.transform,SA_IS,getBuckets,20,4,4,52,0,,
kanzi,kanzi.transform,SA_IS,sortLMSSuffixes,46,10,6,82,0,kanzi.transform.SA_IS,kanzi.transform.SA_IS
kanzi,kanzi.transform,SA_IS,postProcessLMS,63,15,4,158,0,,
kanzi,kanzi.transform,SA_IS,induceSuffixArray,45,9,6,262,0,kanzi.transform.SA_IS,kanzi.transform.SA_IS
kanzi,kanzi.transform,SA_IS,computeBWT,50,11,6,337,0,kanzi.transform.SA_IS,kanzi.transform.SA_IS
kanzi,kanzi.transform,SA_IS,computeSuffixArray,148,36,6,420,0,kanzi.transform.SA_IS,kanzi.transform.SA_IS
kanzi,kanzi.transform,SBRT,SBRT,3,1,0,45,0,,
kanzi,kanzi.transform,SBRT,SBRT,8,2,1,51,0,,
kanzi,kanzi.transform,SBRT,SBRT,9,2,1,64,0,,
kanzi,kanzi.transform,SBRT,forward,42,8,2,79,0,,
kanzi,kanzi.transform,SBRT,inverse,38,8,2,145,0,,
kanzi,kanzi.transform,SBRT,getMaxEncodedLength,3,1,1,208,0,,
kanzi,kanzi.transform,Sequence,Sequence,5,3,1,31,0,,
kanzi,kanzi.transform,Sequence,forward,44,10,2,43,0,kanzi.transform.Sequence,kanzi.transform.Sequence
kanzi,kanzi.transform,Sequence,inverse,43,12,2,118,0,,
kanzi,kanzi.transform,Sequence,getMaxEncodedLength,8,3,1,194,0,,
kanzi,kanzi.transform,Sequence,getNbFunctions,3,1,0,211,0,,
kanzi,kanzi.transform,Sequence,getSkipFlags,3,1,0,217,0,,
kanzi,kanzi.transform,Sequence,setSkipFlags,4,1,1,223,0,,
kanzi,kanzi.transform,SRT,SRT,8,1,0,37,0,,
kanzi,kanzi.transform,SRT,SRT,8,1,1,48,0,,
kanzi,kanzi.transform,SRT,forward,64,13,2,59,0,kanzi.transform.SRT,kanzi.transform.SRT
kanzi,kanzi.transform,SRT,inverse,45,10,2,162,0,kanzi.transform.SRT,kanzi.transform.SRT
kanzi,kanzi.transform,SRT,preprocess,25,8,2,238,0,,
kanzi,kanzi.transform,SRT,encodeHeader,11,3,3,282,0,,
kanzi,kanzi.transform,SRT,decodeHeader,15,4,3,301,0,,
kanzi,kanzi.transform,SRT,getMaxEncodedLength,3,1,1,327,0,,
kanzi,kanzi.transform,TextCodec,initDelimiterChars,0,13,0,52,0,,
kanzi,kanzi.transform,TextCodec,TextCodec,3,1,0,182,0,,
kanzi,kanzi.transform,TextCodec,TextCodec,4,1,1,188,0,,
kanzi,kanzi.transform,TextCodec,createDictionary,23,6,4,197,0,kanzi.transform.TextCodec,kanzi.transform.TextCodec
kanzi,kanzi.transform,TextCodec,isText,3,1,1,234,0,kanzi.transform.TextCodec,kanzi.transform.TextCodec
kanzi,kanzi.transform,TextCodec,isLowerCase,3,1,1,240,0,,
kanzi,kanzi.transform,TextCodec,isUpperCase,3,1,1,246,0,,
kanzi,kanzi.transform,TextCodec,isDelimiter,3,1,1,252,0,,
kanzi,kanzi.transform,TextCodec,computeStats,74,21,5,260,0,kanzi.transform.TextCodec,kanzi.transform.TextCodec
kanzi,kanzi.transform,TextCodec,detectType,17,11,3,384,0,,
kanzi,kanzi.transform,TextCodec,sameWords,7,3,5,442,0,,
kanzi,kanzi.transform,TextCodec,getMaxEncodedLength,3,1,1,456,0,,
kanzi,kanzi.transform,TextCodec,forward,6,4,2,463,0,,
kanzi,kanzi.transform,TextCodec,inverse,6,4,2,479,0,,
kanzi,kanzi.transform,TransformFactory,getType,16,6,1,55,0,kanzi.transform.TransformFactory,kanzi.transform.TransformFactory
kanzi,kanzi.transform,TransformFactory,getTypeToken,0,19,1,87,0,,
kanzi,kanzi.transform,TransformFactory,newFunction,14,6,2,154,0,kanzi.transform.TransformFactory,kanzi.transform.TransformFactory
kanzi,kanzi.transform,TransformFactory,newFunctionToken,0,20,2,184,0,,
kanzi,kanzi.transform,TransformFactory,getName,12,5,1,263,0,kanzi.transform.TransformFactory,kanzi.transform.TransformFactory
kanzi,kanzi.transform,TransformFactory,getNameToken,0,19,1,289,0,,
kanzi,kanzi.transform,UTFCodec,UTFCodec,4,1,0,37,0,,
kanzi,kanzi.transform,UTFCodec,UTFCodec,6,2,1,44,0,,
kanzi,kanzi.transform,UTFCodec,forward,79,20,2,56,0,kanzi.transform.UTFCodec,kanzi.transform.UTFCodec
kanzi,kanzi.transform,UTFCodec,inverse,44,12,2,202,0,,
kanzi,kanzi.transform,UTFCodec,getMaxEncodedLength,3,1,1,282,0,,
kanzi,kanzi.transform,UTFCodec,validate,42,13,3,289,0,,
kanzi,kanzi.transform,UTFCodec,pack,0,5,3,378,0,,
kanzi,kanzi.transform,UTFCodec,unpackV0,0,5,3,411,0,,
kanzi,kanzi.transform,UTFCodec,unpackV1,0,8,3,447,0,,
kanzi,kanzi.transform,ZRLT,ZRLT,2,1,0,31,0,,
kanzi,kanzi.transform,ZRLT,ZRLT,2,1,1,36,0,,
kanzi,kanzi.transform,ZRLT,forward,55,13,2,41,0,kanzi.transform.ZRLT,kanzi.transform.ZRLT
kanzi,kanzi.transform,ZRLT,inverse,49,14,2,132,0,,
kanzi,kanzi.transform,ZRLT,getMaxEncodedLength,3,1,1,221,0,,
kanzi,kanzi.util.hash,MurMurHash3,MurMurHash3,3,1,0,35,0,,
kanzi,kanzi.util.hash,MurMurHash3,MurMurHash3,3,1,1,41,0,,
kanzi,kanzi.util.hash,MurMurHash3,setSeed,3,1,1,47,0,,
kanzi,kanzi.util.hash,MurMurHash3,hash,3,1,1,53,0,kanzi.util.hash.MurMurHash3,kanzi.util.hash.MurMurHash3
kanzi,kanzi.util.hash,MurMurHash3,hash,0,6,3,59,0,,
kanzi,kanzi.util.hash,SipHash_2_4,SipHash_2_4,2,1,0,38,0,,
kanzi,kanzi.util.hash,SipHash_2_4,SipHash_2_4,3,1,1,43,0,kanzi.util.hash.SipHash_2_4,kanzi.util.hash.SipHash_2_4
kanzi,kanzi.util.hash,SipHash_2_4,SipHash_2_4,3,1,2,49,0,kanzi.util.hash.SipHash_2_4,kanzi.util.hash.SipHash_2_4
kanzi,kanzi.util.hash,SipHash_2_4,setSeed,5,3,1,55,0,kanzi.util.hash.SipHash_2_4,kanzi.util.hash.SipHash_2_4
kanzi,kanzi.util.hash,SipHash_2_4,setSeed,6,1,2,67,0,,
kanzi,kanzi.util.hash,SipHash_2_4,hash,3,1,1,76,0,kanzi.util.hash.SipHash_2_4,kanzi.util.hash.SipHash_2_4
kanzi,kanzi.util.hash,SipHash_2_4,hash,26,4,3,82,0,kanzi.util.hash.SipHash_2_4,kanzi.util.hash.SipHash_2_4
kanzi,kanzi.util.hash,SipHash_2_4,sipRound,16,1,0,119,0,,
kanzi,kanzi.util.hash,XXHash32,XXHash32,3,1,0,36,0,,
kanzi,kanzi.util.hash,XXHash32,XXHash32,3,1,1,42,0,,
kanzi,kanzi.util.hash,XXHash32,setSeed,3,1,1,48,0,,
kanzi,kanzi.util.hash,XXHash32,hash,3,1,1,54,0,kanzi.util.hash.XXHash32,kanzi.util.hash.XXHash32
kanzi,kanzi.util.hash,XXHash32,hash,40,5,3,60,0,kanzi.util.hash.XXHash32,kanzi.util.hash.XXHash32
kanzi,kanzi.util.hash,XXHash32,round,4,1,2,116,0,,
kanzi,kanzi.util.hash,XXHash64,XXHash64,3,1,0,36,0,,
kanzi,kanzi.util.hash,XXHash64,XXHash64,3,1,1,42,0,,
kanzi,kanzi.util.hash,XXHash64,setSeed,3,1,1,48,0,,
kanzi,kanzi.util.hash,XXHash64,hash,3,1,1,54,0,kanzi.util.hash.XXHash64,kanzi.util.hash.XXHash64
kanzi,kanzi.util.hash,XXHash64,hash,49,6,3,60,0,kanzi.util.hash.XXHash64,kanzi.util.hash.XXHash64
kanzi,kanzi.util.hash,XXHash64,round,4,1,2,129,0,,
kanzi,kanzi.util.hash,XXHash64,mergeRound,4,1,2,136,0,kanzi.util.hash.XXHash64,kanzi.util.hash.XXHash64
kanzi,kanzi.util,IntBTree,IntBTree,2,1,0,36,0,,
kanzi,kanzi.util,IntBTree,size,3,1,0,41,0,,
kanzi,kanzi.util,IntBTree,add,13,4,1,47,0,kanzi.util.IntBTree,kanzi.util.IntBTree
kanzi,kanzi.util,IntBTree,addNode,21,6,2,71,0,,
kanzi,kanzi.util,IntBTree,addValue,22,6,2,106,0,,
kanzi,kanzi.util,IntBTree,contains,4,1,1,140,0,kanzi.util.IntBTree,kanzi.util.IntBTree
kanzi,kanzi.util,IntBTree,findNode,8,4,2,147,0,,
kanzi,kanzi.util,IntBTree,remove,8,5,1,163,0,kanzi.util.IntBTree,kanzi.util.IntBTree
kanzi,kanzi.util,IntBTree,removeNode,48,18,1,184,0,kanzi.util.IntBTree,kanzi.util.IntBTree
kanzi,kanzi.util,IntBTree,rank,6,3,1,276,0,kanzi.util.IntBTree,kanzi.util.IntBTree
kanzi,kanzi.util,IntBTree,findRank,9,6,3,289,0,kanzi.util.IntBTree,kanzi.util.IntBTree
kanzi,kanzi.util,IntBTree,scan,6,2,2,310,0,kanzi.util.IntBTree,kanzi.util.IntBTree
kanzi,kanzi.util,IntBTree,scanAndCall,13,6,5,321,0,kanzi.util.IntBTree,kanzi.util.IntBTree
kanzi,kanzi.util,IntBTree,clear,4,1,0,348,0,,
kanzi,kanzi.util,IntBTree,min,15,6,0,355,0,,
kanzi,kanzi.util,IntBTree,max,15,6,0,384,0,,
kanzi,kanzi.util,IntBTree,toArray,7,3,1,413,0,kanzi.util.IntBTree,kanzi.util.IntBTree
kanzi,kanzi.util,IntBTree,toString,14,4,0,427,0,kanzi.util.IntBTree,kanzi.util.IntBTree
kanzi,kanzi.util,LyndonWords,LyndonWords,3,1,0,29,0,,
kanzi,kanzi.util,LyndonWords,chenFoxLyndonBreakpoints,17,4,2,36,0,,
kanzi,kanzi.util,LyndonWords,split,3,1,1,64,0,kanzi.util.LyndonWords,kanzi.util.LyndonWords
kanzi,kanzi.util,LyndonWords,split,12,2,2,71,0,kanzi.util.LyndonWords,kanzi.util.LyndonWords
kanzi,kanzi.util,LyndonWords,getPositions,3,1,1,89,0,kanzi.util.LyndonWords,kanzi.util.LyndonWords
kanzi,kanzi.util,LyndonWords,getPositions,4,1,2,95,0,,
kanzi,kanzi.util,LyndonWords,getPositions,7,2,2,102,0,kanzi.util.LyndonWords,kanzi.util.LyndonWords
kanzi,kanzi.util,LyndonWords,main,4,2,1,115,0,kanzi.util.LyndonWords,kanzi.util.LyndonWords
kanzi,kanzi.util,Timing,Timing,2,1,0,30,0,,
kanzi,kanzi.util,Timing,getCpuTime,4,1,0,36,0,,
kanzi,kanzi.util,Timing,getUserTime,4,1,0,44,0,,
kanzi,kanzi.util,Timing,getSystemTime,4,1,0,52,0,,
kanzi,kanzi.util,Timing,getCpuTime,10,4,1,62,0,,
kanzi,kanzi.util,Timing,getUserTime,10,4,1,84,0,,
kanzi,kanzi.util,Timing,getSystemTime,13,5,1,106,0,,
kanzi,kanzi.util.sort,BitonicSort,BitonicSort,2,1,0,35,0,,
kanzi,kanzi.util.sort,BitonicSort,sort,6,3,3,41,0,kanzi.util.sort.BitonicSort,kanzi.util.sort.BitonicSort
kanzi,kanzi.util.sort,BitonicSort,sort,6,4,4,55,0,kanzi.util.sort.BitonicSort,kanzi.util.sort.BitonicSort
kanzi,kanzi.util.sort,BitonicSort,merge,21,7,4,70,0,kanzi.util.sort.BitonicSort,kanzi.util.sort.BitonicSort
kanzi,kanzi.util.sort,BucketSort,BucketSort,3,1,0,31,0,,
kanzi,kanzi.util.sort,BucketSort,BucketSort,5,3,1,38,0,,
kanzi,kanzi.util.sort,BucketSort,sort,39,9,3,52,0,,
kanzi,kanzi.util.sort,BucketSort,sort,39,9,3,115,0,,
kanzi,kanzi.util.sort,DefaultArrayComparator,DefaultArrayComparator,4,2,1,26,0,,
kanzi,kanzi.util.sort,DefaultArrayComparator,compare,5,2,2,35,0,,
kanzi,kanzi.util.sort,FlashSort,FlashSort,3,1,0,32,0,,
kanzi,kanzi.util.sort,FlashSort,sort,8,4,3,39,0,kanzi.util.sort.FlashSort,kanzi.util.sort.FlashSort
kanzi,kanzi.util.sort,FlashSort,partialFlashSort,73,13,3,58,0,,
kanzi,kanzi.util.sort,ForkJoinParallelSort,ForkJoinParallelSort,4,2,1,30,0,,
kanzi,kanzi.util.sort,ForkJoinParallelSort,sort,9,1,3,39,0,,
kanzi,kanzi.util.sort,ForkJoinParallelSort,sort,9,1,3,55,0,,
kanzi,kanzi.util.sort,HeapSort,HeapSort,3,1,0,29,0,,
kanzi,kanzi.util.sort,HeapSort,HeapSort,3,1,1,35,0,,
kanzi,kanzi.util.sort,HeapSort,getComparator,3,1,0,41,0,,
kanzi,kanzi.util.sort,HeapSort,sort,14,5,3,47,0,kanzi.util.sort.HeapSort,kanzi.util.sort.HeapSort
kanzi,kanzi.util.sort,HeapSort,doSort,24,8,5,73,0,,
kanzi,kanzi.util.sort,InsertionSort,InsertionSort,3,1,0,29,0,,
kanzi,kanzi.util.sort,InsertionSort,InsertionSort,3,1,1,35,0,,
kanzi,kanzi.util.sort,InsertionSort,getComparator,3,1,0,41,0,,
kanzi,kanzi.util.sort,InsertionSort,sort,7,4,3,47,0,kanzi.util.sort.InsertionSort,kanzi.util.sort.InsertionSort
kanzi,kanzi.util.sort,InsertionSort,sortWithComparator,51,11,4,65,0,,
kanzi,kanzi.util.sort,InsertionSort,sortNoComparator,51,11,3,143,0,,
kanzi,kanzi.util.sort,MergeSort,MergeSort,4,1,0,30,0,,
kanzi,kanzi.util.sort,MergeSort,sort,7,5,3,36,0,kanzi.util.sort.MergeSort,kanzi.util.sort.MergeSort
kanzi,kanzi.util.sort,MergeSort,mergesort,11,3,3,55,0,kanzi.util.sort.MergeSort,kanzi.util.sort.MergeSort
kanzi,kanzi.util.sort,MergeSort,merge,24,7,4,75,0,,
kanzi,kanzi.util.sort,QuickSort,QuickSort,3,1,0,41,0,,
kanzi,kanzi.util.sort,QuickSort,QuickSort,3,1,1,47,0,,
kanzi,kanzi.util.sort,QuickSort,getComparator,3,1,0,53,0,,
kanzi,kanzi.util.sort,QuickSort,sort,7,4,3,59,0,kanzi.util.sort.QuickSort,kanzi.util.sort.QuickSort
kanzi,kanzi.util.sort,QuickSort,recursiveSort,126,32,4,77,0,kanzi.util.sort.QuickSort,kanzi.util.sort.QuickSort
kanzi,kanzi.util.sort,QuickSort,swap,5,1,3,316,0,,
kanzi,kanzi.util.sort,QuickSort,nanoInsertionSort,13,3,3,324,0,,
kanzi,kanzi.util.sort,QuickSort,pairInsertionSort,31,6,3,347,0,,
kanzi,kanzi.util.sort,QuickSort,heapSort,11,3,3,404,0,kanzi.util.sort.QuickSort,kanzi.util.sort.QuickSort
kanzi,kanzi.util.sort,QuickSort,pushDown,12,4,5,421,0,,
kanzi,kanzi.util.sort,QuickSort,mergingSort,34,15,3,442,0,kanzi.util.sort.QuickSort,kanzi.util.sort.QuickSort
kanzi,kanzi.util.sort,QuickSort,merge,11,4,7,510,0,kanzi.util.sort.QuickSort,kanzi.util.sort.QuickSort
kanzi,kanzi.util.sort,QuickSort,merge,13,6,8,539,0,,
kanzi,kanzi.util.sort,QuickSort,recursiveSort,126,32,5,566,0,kanzi.util.sort.QuickSort,kanzi.util.sort.QuickSort
kanzi,kanzi.util.sort,QuickSort,nanoInsertionSort,13,3,4,804,0,,
kanzi,kanzi.util.sort,QuickSort,pairInsertionSort,31,6,4,827,0,,
kanzi,kanzi.util.sort,QuickSort,heapSort,11,3,4,884,0,kanzi.util.sort.QuickSort,kanzi.util.sort.QuickSort
kanzi,kanzi.util.sort,QuickSort,pushDown,12,4,6,901,0,,
kanzi,kanzi.util.sort,QuickSort,mergingSort,34,15,4,923,0,kanzi.util.sort.QuickSort,kanzi.util.sort.QuickSort
kanzi,kanzi.util.sort,QuickSort,merge,11,4,8,991,0,kanzi.util.sort.QuickSort,kanzi.util.sort.QuickSort
kanzi,kanzi.util.sort,QuickSort,merge,13,6,9,1021,0,,
kanzi,kanzi.util.sort,RadixSort,RadixSort,4,1,0,31,0,,
kanzi,kanzi.util.sort,RadixSort,RadixSort,5,2,1,38,0,,
kanzi,kanzi.util.sort,RadixSort,sort,5,3,3,48,0,kanzi.util.sort.RadixSort,kanzi.util.sort.RadixSort
kanzi,kanzi.util.sort,RadixSort,sort16,60,10,3,62,0,,
kanzi,kanzi.util.sort,RadixSort,sort256,48,10,3,151,0,,
kanzi,kanzi.util.sort,RadixSort,sort,5,3,3,228,0,,
kanzi,kanzi.util.sort,RadixSort,sort16,38,7,3,242,0,,
kanzi,kanzi.util.sort,RadixSort,sort256,3,1,3,302,0,,
kanzi,kanzi.util.sort,SpreadSort,sort,3,1,3,34,0,kanzi.util.sort.SpreadSort,kanzi.util.sort.SpreadSort
kanzi,kanzi.util.sort,SpreadSort,_sort,10,3,3,41,0,kanzi.util.sort.SpreadSort,kanzi.util.sort.SpreadSort
kanzi,kanzi.util.sort,SpreadSort,roughLog2,3,1,1,60,0,,
kanzi,kanzi.util.sort,SpreadSort,getMaxCount,8,3,2,66,0,kanzi.util.sort.SpreadSort,kanzi.util.sort.SpreadSort
kanzi,kanzi.util.sort,SpreadSort,findExtremes,13,4,3,87,0,,
kanzi,kanzi.util.sort,SpreadSort,spreadSortCore,52,12,3,109,0,kanzi.util.sort.SpreadSort,kanzi.util.sort.SpreadSort
kanzi,kanzi.util.sort,SpreadSort,spreadSortBins,9,4,4,207,0,kanzi.util.sort.SpreadSort,kanzi.util.sort.SpreadSort
kanzi,kanzi.test,TestAbstractSort,testCorrectness,25,8,3,24,0,,
kanzi,kanzi.test,TestAbstractSort,testSpeed,3,1,3,72,0,kanzi.test.TestAbstractSort,kanzi.test.TestAbstractSort
kanzi,kanzi.test,TestAbstractSort,testSpeed,33,4,4,78,0,,
kanzi,kanzi.test,TestBWT,testBWT,4,1,0,29,1,,
kanzi,kanzi.test,TestBWT,main,24,4,1,37,0,,
kanzi,kanzi.test,TestBWT,testCorrectness,77,17,2,71,0,,
kanzi,kanzi.test,TestBWT,testSpeed,46,7,3,190,0,,
kanzi,kanzi.test,TestCompressedStream,main,4,1,1,40,0,,
kanzi,kanzi.test,TestCompressedStream,testCompressedtStream,3,1,0,47,1,,
kanzi,kanzi.test,TestCompressedStream,testCorrectness,40,4,0,54,0,,
kanzi,kanzi.test,TestCompressedStream,compress1,38,4,2,107,0,,
kanzi,kanzi.test,TestCompressedStream,compress2,44,4,2,157,0,,
kanzi,kanzi.test,TestCompressedStream,compress3,40,4,2,214,0,,
kanzi,kanzi.test,TestCompressedStream,compress4,25,1,2,267,0,,
kanzi,kanzi.test,TestCompressedStream,compress5,34,2,2,298,0,,
kanzi,kanzi.test,TestCompressedStream,check,4,3,3,342,0,,
kanzi,kanzi.test,TestDefaultBitStream,main,8,1,1,40,0,,
kanzi,kanzi.test,TestDefaultBitStream,testDefaultBitStream,6,1,0,51,1,,
kanzi,kanzi.test,TestDefaultBitStream,testCorrectnessAligned1,71,8,0,61,0,,
kanzi,kanzi.test,TestDefaultBitStream,testCorrectnessMisaligned1,94,10,0,159,0,,
kanzi,kanzi.test,TestDefaultBitStream,testCorrectnessAligned2,56,7,0,289,0,,
kanzi,kanzi.test,TestDefaultBitStream,testCorrectnessMisaligned2,64,8,0,368,0,,
kanzi,kanzi.test,TestDefaultBitStream,testSpeed1,50,4,1,460,0,,
kanzi,kanzi.test,TestDefaultBitStream,testSpeed2,49,3,1,530,0,,
kanzi,kanzi.test,TestEntropyCodec,main,44,13,1,52,0,,
kanzi,kanzi.test,TestEntropyCodec,testEntropy,20,1,0,132,1,,
kanzi,kanzi.test,TestEntropyCodec,getPredictor,5,3,1,165,0,,
kanzi,kanzi.test,TestEntropyCodec,getEncoder,0,10,2,177,0,,
kanzi,kanzi.test,TestEntropyCodec,getDecoder,0,11,2,213,0,,
kanzi,kanzi.test,TestEntropyCodec,testCorrectness,64,14,1,257,0,,
kanzi,kanzi.test,TestEntropyCodec,testSpeed,63,12,2,360,0,,
kanzi,kanzi.test,TestFlashSort,testFlashSort,4,1,0,25,1,,
kanzi,kanzi.test,TestHash,main,114,9,1,28,0,,
kanzi,kanzi.test,TestQuickSort,testQuickSort,4,1,0,25,1,,
kanzi,kanzi.test,TestRadixSort,testRadixSort,4,1,0,25,1,,
kanzi,kanzi.test,TestTransforms,main,48,16,1,38,0,,
kanzi,kanzi.test,TestTransforms,testTransforms,24,1,0,134,1,,
kanzi,kanzi.test,TestTransforms,getTransform,0,12,1,173,0,,
kanzi,kanzi.test,TestTransforms,testCorrectness,125,29,1,221,0,,
kanzi,kanzi.test,TestTransforms,testSpeed,74,12,1,422,0,,
